{
  "_Comment": {
    "_Name": "Just a Reference to the old system naming. Changing does nothing.",
    "_Is Enabled": "Is chicken enabled?",
    "_Lay Item": "Item the chicken will Lay.               modid:itemid:metadata:amount #example: minecraft:log:2:3",
    "_Drop Item": "Item the chicken drops on death.        modid:itemid:metadata:amount #example: minecraft:bone",
    "_Spawn Type": "Chicken spawn type, can be: NORMAL,SNOW,NONE,HELL",
    "_Parent 1": "First parent, empty if it cant be breed. modid:chickenid #example: chickens:waterchicken",
    "_Parent 2": "Second parent, empty if it cant be breed. "
  },
  "morechickens:xpchicken": {
    "Name": "xpChicken",
    "Is Enabled": true,
    "Lay Coefficient": 1.0,
    "Lay Item": "morechickens:solidxp",
    "Drop Item": "morechickens:solidxp",
    "Spawn Type": "NONE",
    "Parent 1": "chickens:emeraldchicken",
    "Parent 2": "chickens:greenchicken"
  },
  "morechickens:invarchicken": {
    "Name": "invarchicken",
    "Is Enabled": true,
    "Lay Coefficient": 1.0,
    "Lay Item": "thermalfoundation:material:162",
    "Drop Item": "thermalfoundation:material:162",
    "Spawn Type": "NONE",
    "Parent 1": "chickens:ironchicken",
    "Parent 2": "morechickens:nickelchicken"
  },
  "morechickens:bronzechicken": {
    "Name": "bronzechicken",
    "Is Enabled": true,
    "Lay Coefficient": 1.0,
    "Lay Item": "thermalfoundation:material:163",
    "Drop Item": "thermalfoundation:material:163",
    "Spawn Type": "NONE",
    "Parent 1": "morechickens:copperchicken",
    "Parent 2": "morechickens:tinchicken"
  },
  "morechickens:zincchicken": {
    "Name": "zincchicken",
    "Is Enabled": true,
    "Lay Coefficient": 1.0,
    "Lay Item": "railcraft:ingot:8",
    "Drop Item": "railcraft:ingot:8",
    "Spawn Type": "NONE",
    "Parent 1": "chickens:whitechicken",
    "Parent 2": "chickens:claychicken"
  },
  "morechickens:tinchicken": {
    "Name": "tinchicken",
    "Is Enabled": true,
    "Lay Coefficient": 1.0,
    "Lay Item": "thermalfoundation:material:129",
    "Drop Item": "thermalfoundation:material:129",
    "Spawn Type": "NONE",
    "Parent 1": "chickens:whitechicken",
    "Parent 2": "chickens:claychicken"
  },
  "morechickens:steelchicken": {
    "Name": "steelchicken",
    "Is Enabled": true,
    "Lay Coefficient": 1.0,
    "Lay Item": "thermalfoundation:material:160",
    "Drop Item": "thermalfoundation:material:160",
    "Spawn Type": "NONE",
    "Parent 1": "chickens:ironchicken",
    "Parent 2": "chickens:coalchicken"
  },
  "morechickens:silverorechicken": {
    "Name": "silverorechicken",
    "Is Enabled": true,
    "Lay Coefficient": 1.0,
    "Lay Item": "thermalfoundation:material:130",
    "Drop Item": "thermalfoundation:material:130",
    "Spawn Type": "NONE",
    "Parent 1": "chickens:ironchicken",
    "Parent 2": "chickens:whitechicken"
  },
  "morechickens:platinumchicken": {
    "Name": "platinumchicken",
    "Is Enabled": true,
    "Lay Coefficient": 1.0,
    "Lay Item": "thermalfoundation:material:134",
    "Drop Item": "thermalfoundation:material:134",
    "Spawn Type": "NONE",
    "Parent 1": "morechickens:nickelchicken",
    "Parent 2": "morechickens:silverorechicken"
  },
  "morechickens:nickelchicken": {
    "Name": "nickelchicken",
    "Is Enabled": true,
    "Lay Coefficient": 1.0,
    "Lay Item": "thermalfoundation:material:133",
    "Drop Item": "thermalfoundation:material:133",
    "Spawn Type": "NONE",
    "Parent 1": "chickens:whitechicken",
    "Parent 2": "chickens:greenchicken"
  },
  "morechickens:leadchicken": {
    "Name": "leadchicken",
    "Is Enabled": true,
    "Lay Coefficient": 1.0,
    "Lay Item": "thermalfoundation:material:131",
    "Drop Item": "thermalfoundation:material:131",
    "Spawn Type": "NONE",
    "Parent 1": "chickens:ironchicken",
    "Parent 2": "chickens:cyanchicken"
  },
  "morechickens:copperchicken": {
    "Name": "copperchicken",
    "Is Enabled": true,
    "Lay Coefficient": 1.0,
    "Lay Item": "thermalfoundation:material:128",
    "Drop Item": "thermalfoundation:material:128",
    "Spawn Type": "NONE",
    "Parent 1": "chickens:yellowchicken",
    "Parent 2": "chickens:brownchicken"
  },
  "morechickens:brasschicken": {
    "Name": "brasschicken",
    "Is Enabled": true,
    "Lay Coefficient": 1.0,
    "Lay Item": "railcraft:ingot:9",
    "Drop Item": "railcraft:ingot:9",
    "Spawn Type": "NONE",
    "Parent 1": "morechickens:copperchicken",
    "Parent 2": "morechickens:zincchicken"
  },
  "morechickens:electrumchicken": {
    "Name": "electrumchicken",
    "Is Enabled": true,
    "Lay Coefficient": 1.0,
    "Lay Item": "thermalfoundation:material:161",
    "Drop Item": "thermalfoundation:material:161",
    "Spawn Type": "NONE",
    "Parent 1": "morechickens:silverorechicken",
    "Parent 2": "chickens:goldchicken"
  },
  "morechickens:siliconchicken": {
    "Name": "siliconchicken",
    "Is Enabled": true,
    "Lay Coefficient": 1.0,
    "Lay Item": "appliedenergistics2:material:5",
    "Drop Item": "appliedenergistics2:material:5",
    "Spawn Type": "NONE",
    "Parent 1": "chickens:claychicken",
    "Parent 2": "chickens:sandchicken"
  },
  "morechickens:sulfurchicken": {
    "Name": "sulfurchicken",
    "Is Enabled": true,
    "Lay Coefficient": 1.0,
    "Lay Item": "thermalfoundation:material:771",
    "Drop Item": "thermalfoundation:material:771",
    "Spawn Type": "NONE",
    "Parent 1": "chickens:gunpowderchicken",
    "Parent 2": "chickens:flintchicken"
  },
  "morechickens:saltpeterchicken": {
    "Name": "saltpeterchicken",
    "Is Enabled": true,
    "Lay Coefficient": 1.0,
    "Lay Item": "thermalfoundation:material:772",
    "Drop Item": "thermalfoundation:material:772",
    "Spawn Type": "NONE",
    "Parent 1": "morechickens:sulfurchicken",
    "Parent 2": "chickens:redstonechicken"
  },
  "morechickens:aluminumchicken": {
    "Name": "aluminumChicken",
    "Is Enabled": true,
    "Lay Coefficient": 1.0,
    "Lay Item": "thermalfoundation:material:132",
    "Drop Item": "thermalfoundation:material:132",
    "Spawn Type": "NONE",
    "Parent 1": "chickens:flintchicken",
    "Parent 2": "chickens:ironchicken"
  },
  "morechickens:amberchicken": {
    "Name": "amberchicken",
    "Is Enabled": true,
    "Lay Coefficient": 1.0,
    "Lay Item": "thaumcraft:amber",
    "Drop Item": "thaumcraft:amber",
    "Spawn Type": "NONE",
    "Parent 1": "chickens:waterchicken",
    "Parent 2": "chickens:logchicken"
  },
  "morechickens:peridotchicken": {
    "Name": "peridotchicken",
    "Is Enabled": true,
    "Lay Coefficient": 1.0,
    "Lay Item": "projectred-core:resource_item:202",
    "Drop Item": "projectred-core:resource_item:202",
    "Spawn Type": "NONE",
    "Parent 1": "morechickens:siliconchicken",
    "Parent 2": "chickens:greenchicken"
  },
  "morechickens:rubychicken": {
    "Name": "rubychicken",
    "Is Enabled": true,
    "Lay Coefficient": 1.0,
    "Lay Item": "projectred-core:resource_item:200",
    "Drop Item": "projectred-core:resource_item:200",
    "Spawn Type": "NONE",
    "Parent 1": "chickens:redchicken",
    "Parent 2": "morechickens:aluminumchicken"
  },
  "morechickens:sapphirechicken": {
    "Name": "sapphirechicken",
    "Is Enabled": true,
    "Lay Coefficient": 1.0,
    "Lay Item": "projectred-core:resource_item:201",
    "Drop Item": "projectred-core:resource_item:201",
    "Spawn Type": "NONE",
    "Parent 1": "chickens:bluechicken",
    "Parent 2": "morechickens:aluminumchicken"
  },
  "morechickens:saltchicken": {
    "Name": "saltchicken",
    "Is Enabled": true,
    "Lay Coefficient": 1.0,
    "Lay Item": "mekanism:salt",
    "Drop Item": "mekanism:salt",
    "Spawn Type": "NONE",
    "Parent 1": "chickens:waterchicken",
    "Parent 2": "chickens:lavachicken"
  },
  "morechickens:rubberchicken": {
    "Name": "rubberchicken",
    "Is Enabled": true,
    "Lay Coefficient": 1.0,
    "Lay Item": "ic2:crafting",
    "Drop Item": "ic2:crafting",
    "Spawn Type": "NONE",
    "Parent 1": "chickens:logchicken",
    "Parent 2": "chickens:orangechicken"
  },
  "morechickens:terrasteelchicken": {
    "Name": "terrasteelchicken",
    "Is Enabled": true,
    "Lay Coefficient": 1.0,
    "Lay Item": "botania:manaresource:4",
    "Drop Item": "botania:manaresource:4",
    "Spawn Type": "NONE",
    "Parent 1": "chickens:enderchicken",
    "Parent 2": "chickens:pcrystalchicken"
  },
  "morechickens:manasteelchicken": {
    "Name": "manasteelchicken",
    "Is Enabled": true,
    "Lay Coefficient": 1.0,
    "Lay Item": "botania:manaresource",
    "Drop Item": "botania:manaresource",
    "Spawn Type": "NONE",
    "Parent 1": "chickens:ironchicken",
    "Parent 2": "chickens:ghastchicken"
  },
  "morechickens:elementiumchicken": {
    "Name": "elementiumchicken",
    "Is Enabled": true,
    "Lay Coefficient": 1.0,
    "Lay Item": "botania:manaresource:19",
    "Drop Item": "botania:manaresource:19",
    "Spawn Type": "NONE",
    "Parent 1": "morechickens:manasteelchicken",
    "Parent 2": "morechickens:terrasteelchicken"
  },
  "morechickens:draconiumchicken": {
    "Name": "draconiumChicken",
    "Is Enabled": true,
    "Lay Coefficient": 1.0,
    "Lay Item": "draconicevolution:draconium_ingot",
    "Drop Item": "draconicevolution:draconium_ingot",
    "Spawn Type": "NONE",
    "Parent 1": "morechickens:pigironchicken",
    "Parent 2": "chickens:enderchicken"
  },
  "morechickens:draconiumawakenedchicken": {
    "Name": "draconiumAwakenedChicken",
    "Is Enabled": true,
    "Lay Coefficient": 1.0,
    "Lay Item": "draconicevolution:nugget:1",
    "Drop Item": "draconicevolution:nugget:1",
    "Spawn Type": "NONE",
    "Parent 1": "morechickens:draconiumchicken",
    "Parent 2": "chickens:enderchicken"
  },
  "morechickens:electricalsteelchicken": {
    "Name": "electricalSteelChicken",
    "Is Enabled": true,
    "Lay Coefficient": 1.0,
    "Lay Item": "enderio:item_alloy_ingot",
    "Drop Item": "enderio:item_alloy_ingot",
    "Spawn Type": "NONE",
    "Parent 1": "chickens:ironchicken",
    "Parent 2": "morechickens:siliconchicken"
  },
  "morechickens:energeticalloychicken": {
    "Name": "energeticAlloyChicken",
    "Is Enabled": true,
    "Lay Coefficient": 1.0,
    "Lay Item": "enderio:item_alloy_ingot:1",
    "Drop Item": "enderio:item_alloy_ingot:1",
    "Spawn Type": "NONE",
    "Parent 1": "chickens:goldchicken",
    "Parent 2": "chickens:glowstonechicken"
  },
  "morechickens:vibrantalloychicken": {
    "Name": "vibrantAlloyChicken",
    "Is Enabled": true,
    "Lay Coefficient": 1.0,
    "Lay Item": "enderio:item_alloy_ingot:2",
    "Drop Item": "enderio:item_alloy_ingot:2",
    "Spawn Type": "NONE",
    "Parent 1": "morechickens:energeticalloychicken",
    "Parent 2": "chickens:enderchicken"
  },
  "morechickens:redstonealloychicken": {
    "Name": "redstoneAlloyChicken",
    "Is Enabled": true,
    "Lay Coefficient": 1.0,
    "Lay Item": "enderio:item_alloy_ingot:3",
    "Drop Item": "enderio:item_alloy_ingot:3",
    "Spawn Type": "NONE",
    "Parent 1": "chickens:redstonechicken",
    "Parent 2": "morechickens:siliconchicken"
  },
  "morechickens:conductiveironchicken": {
    "Name": "conductiveIronChicken",
    "Is Enabled": true,
    "Lay Coefficient": 1.0,
    "Lay Item": "enderio:item_alloy_ingot:4",
    "Drop Item": "enderio:item_alloy_ingot:4",
    "Spawn Type": "NONE",
    "Parent 1": "chickens:redstonechicken",
    "Parent 2": "chickens:ironchicken"
  },
  "morechickens:pulsatingironchicken": {
    "Name": "pulsatingIronChicken",
    "Is Enabled": true,
    "Lay Coefficient": 1.0,
    "Lay Item": "enderio:item_alloy_ingot:5",
    "Drop Item": "enderio:item_alloy_ingot:5",
    "Spawn Type": "NONE",
    "Parent 1": "chickens:ironchicken",
    "Parent 2": "chickens:enderchicken"
  },
  "morechickens:darksteelchicken": {
    "Name": "darkSteelChicken",
    "Is Enabled": true,
    "Lay Coefficient": 1.0,
    "Lay Item": "enderio:item_alloy_ingot:6",
    "Drop Item": "enderio:item_alloy_ingot:6",
    "Spawn Type": "NONE",
    "Parent 1": "chickens:ironchicken",
    "Parent 2": "chickens:obsidianchicken"
  },
  "morechickens:soulariumchicken": {
    "Name": "soulariumChicken",
    "Is Enabled": true,
    "Lay Coefficient": 1.0,
    "Lay Item": "enderio:item_alloy_ingot:7",
    "Drop Item": "enderio:item_alloy_ingot:7",
    "Spawn Type": "NONE",
    "Parent 1": "chickens:soulsandchicken",
    "Parent 2": "chickens:goldchicken"
  },
  "morechickens:uraniumchicken": {
    "Name": "uraniumChicken",
    "Is Enabled": true,
    "Lay Coefficient": 1.0,
    "Lay Item": "ic2:ingot:8",
    "Drop Item": "ic2:ingot:8",
    "Spawn Type": "NONE",
    "Parent 1": "chickens:redstonechicken",
    "Parent 2": "chickens:enderchicken"
  },
  "morechickens:constantanchicken": {
    "Name": "constantanChicken",
    "Is Enabled": true,
    "Lay Coefficient": 1.0,
    "Lay Item": "thermalfoundation:material:164",
    "Drop Item": "thermalfoundation:material:164",
    "Spawn Type": "NONE",
    "Parent 1": "morechickens:copperchicken",
    "Parent 2": "morechickens:nickelchicken"
  },
  "morechickens:osmiumchicken": {
    "Name": "osmiumChicken",
    "Is Enabled": true,
    "Lay Coefficient": 1.0,
    "Lay Item": "mekanism:ingot:1",
    "Drop Item": "mekanism:ingot:1",
    "Spawn Type": "NONE",
    "Parent 1": "chickens:ironchicken",
    "Parent 2": "chickens:quartzchicken"
  },
  "morechickens:basalzrodchicken": {
    "Name": "basalzRodChicken",
    "Is Enabled": true,
    "Lay Coefficient": 1.0,
    "Lay Item": "thermalfoundation:material:2052",
    "Drop Item": "thermalfoundation:material:2052",
    "Spawn Type": "NONE",
    "Parent 1": "morechickens:saltpeterchicken",
    "Parent 2": "chickens:blazechicken"
  },
  "morechickens:blitzrodchicken": {
    "Name": "blitzRodChicken",
    "Is Enabled": true,
    "Lay Coefficient": 1.0,
    "Lay Item": "thermalfoundation:material:2050",
    "Drop Item": "thermalfoundation:material:2050",
    "Spawn Type": "NONE",
    "Parent 1": "morechickens:basalzrodchicken",
    "Parent 2": "morechickens:sulfurchicken"
  },
  "morechickens:blizzrodchicken": {
    "Name": "blizzRodChicken",
    "Is Enabled": true,
    "Lay Coefficient": 1.0,
    "Lay Item": "thermalfoundation:material:2048",
    "Drop Item": "thermalfoundation:material:2048",
    "Spawn Type": "NONE",
    "Parent 1": "morechickens:blitzrodchicken",
    "Parent 2": "chickens:snowballchicken"
  },
  "morechickens:cinnabarchicken": {
    "Name": "cinnabarChicken",
    "Is Enabled": true,
    "Lay Coefficient": 1.0,
    "Lay Item": "thermalfoundation:material:866",
    "Drop Item": "thermalfoundation:material:866",
    "Spawn Type": "NONE",
    "Parent 1": "morechickens:richslagchicken",
    "Parent 2": "chickens:diamondchicken"
  },
  "morechickens:enderiumchicken": {
    "Name": "enderiumChicken",
    "Is Enabled": true,
    "Lay Coefficient": 1.0,
    "Lay Item": "thermalfoundation:material:231",
    "Drop Item": "thermalfoundation:material:231",
    "Spawn Type": "NONE",
    "Parent 1": "morechickens:platinumchicken",
    "Parent 2": "chickens:enderchicken"
  },
  "morechickens:iridiumchicken": {
    "Name": "iridiumChicken",
    "Is Enabled": true,
    "Lay Coefficient": 1.0,
    "Lay Item": "thermalfoundation:material:199",
    "Drop Item": "thermalfoundation:material:199",
    "Spawn Type": "NONE",
    "Parent 1": "morechickens:enderiumchicken",
    "Parent 2": "morechickens:blizzrodchicken"
  },
  "morechickens:lumiumchicken": {
    "Name": "lumiumChicken",
    "Is Enabled": true,
    "Lay Coefficient": 1.0,
    "Lay Item": "thermalfoundation:material:166",
    "Drop Item": "thermalfoundation:material:166",
    "Spawn Type": "NONE",
    "Parent 1": "morechickens:tinchicken",
    "Parent 2": "chickens:glowstonechicken"
  },
  "morechickens:mithrilchicken": {
    "Name": "mithrilChicken",
    "Is Enabled": true,
    "Lay Coefficient": 1.0,
    "Lay Item": "thermalfoundation:material:136",
    "Drop Item": "thermalfoundation:material:136",
    "Spawn Type": "NONE",
    "Parent 1": "morechickens:iridiumchicken",
    "Parent 2": "chickens:goldchicken"
  },
  "morechickens:signalumchicken": {
    "Name": "signalumChicken",
    "Is Enabled": true,
    "Lay Coefficient": 1.0,
    "Lay Item": "thermalfoundation:material:165",
    "Drop Item": "thermalfoundation:material:165",
    "Spawn Type": "NONE",
    "Parent 1": "morechickens:copperchicken",
    "Parent 2": "morechickens:silverorechicken"
  },
  "morechickens:slagchicken": {
    "Name": "slagChicken",
    "Is Enabled": true,
    "Lay Coefficient": 1.0,
    "Lay Item": "thermalfoundation:material:864",
    "Drop Item": "thermalfoundation:material:864",
    "Spawn Type": "NONE",
    "Parent 1": "chickens:redstonechicken",
    "Parent 2": "chickens:ironchicken"
  },
  "morechickens:richslagchicken": {
    "Name": "richSlagChicken",
    "Is Enabled": true,
    "Lay Coefficient": 1.0,
    "Lay Item": "thermalfoundation:material:865",
    "Drop Item": "thermalfoundation:material:865",
    "Spawn Type": "NONE",
    "Parent 1": "morechickens:slagchicken",
    "Parent 2": "morechickens:slagchicken"
  },
  "morechickens:arditechicken": {
    "Name": "arditeChicken",
    "Is Enabled": true,
    "Lay Coefficient": 1.0,
    "Lay Item": "tconstruct:ingots:1",
    "Drop Item": "tconstruct:ingots:1",
    "Spawn Type": "NONE",
    "Parent 1": "chickens:blazechicken",
    "Parent 2": "chickens:magmachicken"
  },
  "morechickens:cobaltchicken": {
    "Name": "cobaltChicken",
    "Is Enabled": true,
    "Lay Coefficient": 1.0,
    "Lay Item": "tconstruct:ingots",
    "Drop Item": "tconstruct:ingots",
    "Spawn Type": "NONE",
    "Parent 1": "chickens:netherwartchicken",
    "Parent 2": "chickens:ghastchicken"
  },
  "morechickens:manyullynchicken": {
    "Name": "manyullynChicken",
    "Is Enabled": true,
    "Lay Coefficient": 1.0,
    "Lay Item": "tconstruct:ingots:2",
    "Drop Item": "tconstruct:ingots:2",
    "Spawn Type": "NONE",
    "Parent 1": "morechickens:arditechicken",
    "Parent 2": "morechickens:cobaltchicken"
  },
  "morechickens:pigironchicken": {
    "Name": "pigIronChicken",
    "Is Enabled": true,
    "Lay Coefficient": 1.0,
    "Lay Item": "tconstruct:ingots:4",
    "Drop Item": "tconstruct:ingots:4",
    "Spawn Type": "NONE",
    "Parent 1": "morechickens:bloodslime",
    "Parent 2": "chickens:ironchicken"
  },
  "morechickens:knightslimechicken": {
    "Name": "knightSlimeChicken",
    "Is Enabled": true,
    "Lay Coefficient": 1.0,
    "Lay Item": "tconstruct:ingots:3",
    "Drop Item": "tconstruct:ingots:3",
    "Spawn Type": "NONE",
    "Parent 1": "morechickens:manyullynchicken",
    "Parent 2": "morechickens:pigironchicken"
  },
  "morechickens:bloodslime": {
    "Name": "bloodSlime",
    "Is Enabled": true,
    "Lay Coefficient": 1.0,
    "Lay Item": "tconstruct:edible:3",
    "Drop Item": "tconstruct:edible:3",
    "Spawn Type": "NONE",
    "Parent 1": "chickens:slimechicken",
    "Parent 2": "chickens:redchicken"
  },
  "morechickens:purpleslime": {
    "Name": "purpleSlime",
    "Is Enabled": true,
    "Lay Coefficient": 1.0,
    "Lay Item": "tconstruct:edible:2",
    "Drop Item": "tconstruct:edible:2",
    "Spawn Type": "NONE",
    "Parent 1": "morechickens:bloodslime",
    "Parent 2": "chickens:bluechicken"
  },
  "morechickens:magmaslime": {
    "Name": "magmaSlime",
    "Is Enabled": true,
    "Lay Coefficient": 1.0,
    "Lay Item": "tconstruct:edible:4",
    "Drop Item": "tconstruct:edible:4",
    "Spawn Type": "NONE",
    "Parent 1": "chickens:slimechicken",
    "Parent 2": "chickens:magmachicken"
  },
  "morechickens:blueslime": {
    "Name": "blueSlime",
    "Is Enabled": true,
    "Lay Coefficient": 1.0,
    "Lay Item": "tconstruct:edible:1",
    "Drop Item": "tconstruct:edible:1",
    "Spawn Type": "NONE",
    "Parent 1": "chickens:slimechicken",
    "Parent 2": "chickens:bluechicken"
  },
  "morechickens:redstonecrystalchicken": {
    "Name": "redstonecrystalchicken",
    "Is Enabled": true,
    "Lay Coefficient": 1.0,
    "Lay Item": "extrautils2:ingredients",
    "Drop Item": "extrautils2:ingredients",
    "Spawn Type": "NONE",
    "Parent 1": "chickens:redstonechicken",
    "Parent 2": "chickens:pcrystalchicken"
  },
  "morechickens:stoneburntchicken": {
    "Name": "stoneburntchicken",
    "Is Enabled": true,
    "Lay Coefficient": 1.0,
    "Lay Item": "extrautils2:decorativesolid:3",
    "Drop Item": "extrautils2:decorativesolid:3",
    "Spawn Type": "NONE",
    "Parent 1": "morechickens:redstonecrystalchicken",
    "Parent 2": "chickens:goldchicken"
  },
  "morechickens:lunarreactivedustchicken": {
    "Name": "lunarreactivedustchicken",
    "Is Enabled": true,
    "Lay Coefficient": 1.0,
    "Lay Item": "extrautils2:ingredients:3",
    "Drop Item": "extrautils2:ingredients:3",
    "Spawn Type": "NONE",
    "Parent 1": "morechickens:redstonecrystalchicken",
    "Parent 2": "chickens:bluechicken"
  },
  "morechickens:moonstonechicken": {
    "Name": "moonstonechicken",
    "Is Enabled": true,
    "Lay Coefficient": 1.0,
    "Lay Item": "extrautils2:ingredients:5",
    "Drop Item": "extrautils2:ingredients:5",
    "Spawn Type": "NONE",
    "Parent 1": "morechickens:lunarreactivedustchicken",
    "Parent 2": "chickens:blazechicken"
  },
  "morechickens:magicalwoodchicken": {
    "Name": "magicalwoodchicken",
    "Is Enabled": true,
    "Lay Coefficient": 1.0,
    "Lay Item": "extrautils2:decorativesolidwood:1",
    "Drop Item": "extrautils2:decorativesolidwood:1",
    "Spawn Type": "NONE",
    "Parent 1": "chickens:logchicken",
    "Parent 2": "morechickens:xpchicken"
  },
  "morechickens:demonmetalchicken": {
    "Name": "demonmetalchicken",
    "Is Enabled": true,
    "Lay Coefficient": 1.0,
    "Lay Item": "extrautils2:ingredients:11",
    "Drop Item": "extrautils2:ingredients:11",
    "Spawn Type": "NONE",
    "Parent 1": "morechickens:magicalwoodchicken",
    "Parent 2": "morechickens:moonstonechicken"
  },
  "morechickens:refinedironchicken": {
    "Name": "refinedironchicken",
    "Is Enabled": true,
    "Lay Coefficient": 1.0,
    "Lay Item": "ic2:ingot:7",
    "Drop Item": "ic2:ingot:7",
    "Spawn Type": "NONE",
    "Parent 1": "chickens:ironchicken",
    "Parent 2": "chickens:ironchicken"
  }
}